<?xml version="1.0" encoding="UTF-8" ?>
<!DOCTYPE mapper
  PUBLIC "-//mybatis.org//DTD Mapper 3.0//EN"
  "https://mybatis.org/dtd/mybatis-3-mapper.dtd">
<mapper namespace="com.example.mapper.BoardMapper">
	
	<select id="boardList" resultType="BoardDTO">
		select num, title, author, writeday, readcnt
		from board
		order by num desc
	</select>
	
	<insert id="boardWrite" parameterType="BoardDTO">
		insert into board (num, title, author, content)
		values(nextval('board_seq'), #{title}, #{author}, #{content})
	
	</insert>
	
	<select id="boardByNum" resultType="BoardDTO" parameterType="int">
		select num, title, author, content, writeday, readcnt
		from board
		where num = #{num} 
	</select>
	
	<update id="boardUpdate">
		update board
		set title=#{title}, author=#{author}, content=#{content}
		where num=#{num}
	
	</update>
	
	<delete id="boardDelete" parameterType="int">
		delete from board
		where num = #{num}
	
	</delete>
	
	<!-- multi delete -->
	<delete id="boardMultiDelete" parameterType="arrayList">
		delete from board
		where num in 
		<foreach item="item" collection="list" open="(" separator="," close=")" >
			#{item}
			<!-- #{item} 형변환
				cast(#{item} as INTEGER) -->
    	</foreach>
	</delete>
</mapper>